<ImportExportXml xmlns:xsi="http://www.w3.org/2001/XMLSchema-instance">
  <Entities></Entities>
  <Roles></Roles>
  <Workflows></Workflows>
  <FieldSecurityProfiles></FieldSecurityProfiles>
  <Templates />
  <EntityMaps />
  <EntityRelationships />
  <OrganizationSettings />
  <optionsets />
  <CustomControls />
  <EntityDataProviders />
  <CanvasApps>
    <CanvasApp>
      <Name>new_blobuploader_04b2e</Name>
      <AppVersion>2022-03-04T04:58:06Z</AppVersion>
      <Status>Ready</Status>
      <CreatedByClientVersion>3.22022.31.0</CreatedByClientVersion>
      <MinClientVersion>3.22022.31.0</MinClientVersion>
      <Tags>{"primaryDeviceWidth":"1366","primaryDeviceHeight":"768","sienaVersion":"3ec64cc2-b0d3-4c50-9f5e-43563946ca10","deviceCapabilities":"","supportsPortrait":"true","supportsLandscape":"true","primaryFormFactor":"Tablet","publisherVersion":"3.22022.31","minimumRequiredApiVersion":"2.2.0","hasComponent":"false","hasUnlockedComponent":"false","isUnifiedRootApp":"false"}</Tags>
      <IsCdsUpgraded>0</IsCdsUpgraded>
      <GalleryItemId xsi:nil="true"></GalleryItemId>
      <BackgroundColor>RGBA(0,176,240,1)</BackgroundColor>
      <DisplayName>Blob Uploader</DisplayName>
      <Description xsi:nil="true"></Description>
      <CommitMessage xsi:nil="true"></CommitMessage>
      <Publisher></Publisher>
      <AuthorizationReferences>[]</AuthorizationReferences>
      <ConnectionReferences>{"b627b798-305c-47b0-8398-44c511f2f068":{"id":"/providers/microsoft.powerapps/apis/shared_azureblob","xrmConnectionReferenceLogicalName":"new_blobstorage","displayName":"Azure Blob Storage","iconUri":"https://connectoricons-prod.azureedge.net/releases/v1.0.1551/1.0.1551.2693/azureblob/icon.png","dataSources":["AzureBlobStorage"],"dependencies":[],"dependents":[],"parameterHints":{},"parameterHintsV2":{},"isOnPremiseConnection":false,"sharedConnectionId":"5facb852-3642-4fa1-85b0-6bac66ad9d12","bypassConsent":false,"dataSets":{},"apiTier":"Premium","actions":["CreateFile","ListFolderV2"],"endpoints":["lindaimages"],"isCustomApiSolutionAware":false},"98ee226f-8651-4206-abcb-1da2407fd10f":{"id":"/providers/microsoft.powerapps/apis/shared_blob-20transform-5f8f44dffdedfd83a8-5fa12cd9011a38530f","displayName":"Blob Transform","iconUri":"https://az787822.vo.msecnd.net/defaulticons/api-dedicated.png","dataSources":["blob-upload-functions"],"dependencies":[],"dependents":[],"parameterHints":{},"parameterHintsV2":{},"isOnPremiseConnection":false,"bypassConsent":false,"dataSets":{},"apiTier":"Standard","actions":["Postblobmetadata"],"customApiLogicalName":"new_blob-20transform","isCustomApiSolutionAware":true}}</ConnectionReferences>
      <DatabaseReferences>{}</DatabaseReferences>
      <AppComponents>[]</AppComponents>
      <AppComponentDependencies>[]</AppComponentDependencies>
      <CanvasAppType>0</CanvasAppType>
      <BypassConsent>0</BypassConsent>
      <AdminControlBypassConsent>0</AdminControlBypassConsent>
      <EmbeddedApp xsi:nil="true"></EmbeddedApp>
      <IntroducedVersion>1.0</IntroducedVersion>
      <CdsDependencies>{"cdsdependencies":[{"logicalname":"new_blob-20transform","componenttype":372,"componenttypeplatformname":"connector"},{"logicalname":"new_blobstorage","componenttype":10049,"componenttypeplatformname":"ConnectionReference"}]}</CdsDependencies>
      <IsCustomizable>1</IsCustomizable>
      <BackgroundImageUri>/CanvasApps/new_blobuploader_04b2e_BackgroundImageUri</BackgroundImageUri>
      <DocumentUri>/CanvasApps/new_blobuploader_04b2e_DocumentUri.msapp</DocumentUri>
    </CanvasApp>
  </CanvasApps>
  <Connectors>
    <Connector>
      <connectorid>dff9b5b1-5b0b-463e-b784-4c49fd1d5fec</connectorid>
      <description>Import from "blob-upload-functions" Function App</description>
      <displayname>Blob Transform</displayname>
      <iconbrandcolor>#007ee5</iconbrandcolor>
      <name>new_blob-20transform</name>
      <connectortype>1</connectortype>
      <openapidefinition>/Connector/new_blob-20transform_openapidefinition.json</openapidefinition>
      <connectionparameters>/Connector/new_blob-20transform_connectionparameters.json</connectionparameters>
      <policytemplateinstances>/Connector/new_blob-20transform_policytemplateinstances.json</policytemplateinstances>
      <iconblob>/Connector/new_blob-20transform_iconblob.Png</iconblob>
    </Connector>
  </Connectors>
  <connectionreferences>
    <connectionreference connectionreferencelogicalname="new_blobstorage">
      <connectionreferencedisplayname>blobstorage</connectionreferencedisplayname>
      <connectorid>/providers/Microsoft.PowerApps/apis/shared_azureblob</connectorid>
      <iscustomizable>1</iscustomizable>
      <statecode>0</statecode>
      <statuscode>1</statuscode>
    </connectionreference>
    <connectionreference connectionreferencelogicalname="new_BlobTransformConnectors">
      <connectionreferencedisplayname>Blob Transform Connectors</connectionreferencedisplayname>
      <connectorid>/providers/Microsoft.PowerApps/apis/shared_blob-20transform-5f8f44dffdedfd83a8-5fa12cd9011a38530f</connectorid>
      <customconnectorid>
        <connectorid>dff9b5b1-5b0b-463e-b784-4c49fd1d5fec</connectorid>
      </customconnectorid>
      <iscustomizable>1</iscustomizable>
      <statecode>0</statecode>
      <statuscode>1</statuscode>
    </connectionreference>
  </connectionreferences>
  <Languages>
    <Language>1033</Language>
  </Languages>
</ImportExportXml>