{"swagger":"2.0","info":{"title":"blob-upload-functions","version":"1.0","description":"Import from \"blob-upload-functions\" Function App"},"host":"blob-upload-functions.azurewebsites.net","basePath":"/api/BlobMetadata","schemes":["https"],"consumes":[],"produces":[],"paths":{"/BlobMetadata":{},"/":{"post":{"operationId":"Post-blobmetadata","summary":"BlobMetadata","responses":{"200":{"description":"OK","schema":{"type":"object","properties":{"body":{"type":"array","items":{"type":"object","properties":{"FileName":{"type":"string","description":"FileName"}}},"description":"body"}}}}},"parameters":[{"name":"body","in":"body","required":false,"schema":{"type":"object","properties":{"files":{"type":"array","items":{"type":"object","properties":{"Comments":{"type":"string","description":"Comments"},"FileName":{"type":"string","description":"FileName"}}},"description":"files"}}}}]}}},"definitions":{},"parameters":{},"responses":{},"tags":[],"securityDefinitions":{}}