{"schemaVersion":"1.0","appDefinitionTemplate":{"id":"/providers/Microsoft.PowerApps/apps/","type":"Microsoft.PowerApps/apps","tags":{"primaryDeviceWidth":"1366","primaryDeviceHeight":"768","sienaVersion":"20220124T220225Z-3.21124.16.0","deviceCapabilities":"","supportsPortrait":"true","supportsLandscape":"true","primaryFormFactor":"Tablet","publisherVersion":"3.21124.16","minimumRequiredApiVersion":"2.2.0","hasComponent":"false","hasUnlockedComponent":"false","isUnifiedRootApp":"false"},"properties":{"appVersion":"2022-01-24T22:02:25Z","lifeCycleId":"Published","createdByClientVersion":{"major":3,"minor":21124,"build":16,"revision":0,"majorRevision":0,"minorRevision":0},"minClientVersion":{"major":3,"minor":21124,"build":16,"revision":0,"majorRevision":0,"minorRevision":0},"backgroundColor":"RGBA(0,176,240,1)","backgroundImageUri":"/6060909410497442283/Ndae60446-b4e6-4e10-86b8-1ec97f01c7c3-logoSmallFile","displayName":"UploadToBlobAzureFunctions","description":"","commitMessage":"","appUris":{"documentUri":{"value":"/6060909410497442283/Nbb26eacb-b8a1-4672-8ea1-fa1d52e2d2a6-document.msapp"},"imageUris":[]},"createdTime":"0001-01-01T00:00:00Z","lastModifiedTime":"0001-01-01T00:00:00Z","sharedGroupsCount":0,"sharedUsersCount":0,"icons":{"smallIconUri":"/6060909410497442283/N07cb7965-11c8-464a-b38d-c86e762dcdd8-small.png","mediumIconUri":"/6060909410497442283/N612b33f7-31d7-494b-a36a-6a9e43827380-medium.png","largeIconUri":"/6060909410497442283/N89519f2d-f3b8-4faa-b0d4-ed87499d78f5-large.png","wideIconUri":"/6060909410497442283/Nd306e821-e97c-4645-9f29-4e8fe17a8726-wide.png"},"connectionReferences":{},"databaseReferences":{},"almMode":"Environment","performanceOptimizationEnabled":true,"canConsumeAppPass":true,"executionRestrictions":{"isTeamsOnly":false,"dataLossPreventionEvaluationResult":{"status":"Compliant","lastEvaluationDate":"2022-01-24T22:02:41.2379815Z","violations":[],"violationsByPolicy":[],"violationErrorMessage":"The app uses the following connectors: ."}}},"appType":"ClassicCanvasApp","appComponents":[]}}